,CG,P-value
0,돈풍기,0.0053004507007198606
1,제습기,3.574241759761304e-05
2,공기청정기,0.00017734803048586527
3,공기정화 용품,0.00040120586212152973
