,item,percent(%)
0,제습기,89.39393939393939
1,돈풍기,75.55555555555556
2,공기정화_용품,65.27777777777779
3,공기청정기,68.85245901639344
